{
  "meta": {
    "timestamp": "2026-05-22T07:06:35.168535Z",
    "mode": "both",
    "runs": 3,
    "warmup": 1,
    "master": "local[*]",
    "shuffle_partitions": 4
  },
  "queries": {
    "csv": {
      "q1_groupby": {
        "runs": 3,
        "warmup": 1,
        "avg_sec": 9.442400837666659,
        "min_sec": 9.089591961999758,
        "max_sec": 10.088707462999992,
        "stdev_sec": 0.45764880485599585,
        "row_count": 4,
        "times_sec": [
          9.148903088000225,
          10.088707462999992,
          9.089591961999758
        ]
      },
      "q3_top10": {
        "runs": 3,
        "warmup": 1,
        "avg_sec": 22.614579037666772,
        "min_sec": 22.363555468999948,
        "max_sec": 22.822160343000178,
        "stdev_sec": 0.18972792853072384,
        "row_count": 10,
        "times_sec": [
          22.363555468999948,
          22.822160343000178,
          22.65802130100019
        ]
      },
      "q6_discount": {
        "runs": 3,
        "warmup": 1,
        "avg_sec": 11.574134782666533,
        "min_sec": 11.410545503999856,
        "max_sec": 11.7016580049999,
        "stdev_sec": 0.12155161420621073,
        "row_count": 1,
        "times_sec": [
          11.7016580049999,
          11.410545503999856,
          11.610200838999845
        ]
      }
    },
    "iceberg": {
      "q1_groupby": {
        "runs": 3,
        "warmup": 1,
        "avg_sec": 1.3502189170000445,
        "min_sec": 1.2572180420002042,
        "max_sec": 1.427798624999923,
        "stdev_sec": 0.07048779146235905,
        "row_count": 4,
        "times_sec": [
          1.2572180420002042,
          1.427798624999923,
          1.365640084000006
        ]
      },
      "q3_top10": {
        "runs": 3,
        "warmup": 1,
        "avg_sec": 6.635613516999911,
        "min_sec": 6.130239835999873,
        "max_sec": 6.904328919999898,
        "stdev_sec": 0.35759272261560454,
        "row_count": 10,
        "times_sec": [
          6.8722717949999605,
          6.904328919999898,
          6.130239835999873
        ]
      },
      "q6_discount": {
        "runs": 3,
        "warmup": 1,
        "avg_sec": 1.2382373059999736,
        "min_sec": 1.2367669169998408,
        "max_sec": 1.2401797920001627,
        "stdev_sec": 0.001432732965361935,
        "row_count": 1,
        "times_sec": [
          1.2377652089999174,
          1.2401797920001627,
          1.2367669169998408
        ]
      }
    }
  },
  "storage": {
    "csv_bytes": 11145550186,
    "iceberg_bytes": 3503798750,
    "compression_ratio": 3.1809903996341116
  },
  "row_counts": {
    "customer": {
      "csv": 1500000,
      "iceberg": 1500000,
      "diff": 0
    },
    "orders": {
      "csv": 15000000,
      "iceberg": 15000000,
      "diff": 0
    },
    "lineitem": {
      "csv": 59986052,
      "iceberg": 59986052,
      "diff": 0
    },
    "part": {
      "csv": 2000000,
      "iceberg": 2000000,
      "diff": 0
    },
    "supplier": {
      "csv": 100000,
      "iceberg": 100000,
      "diff": 0
    },
    "partsupp": {
      "csv": 8000000,
      "iceberg": 8000000,
      "diff": 0
    },
    "nation": {
      "csv": 25,
      "iceberg": 25,
      "diff": 0
    },
    "region": {
      "csv": 5,
      "iceberg": 5,
      "diff": 0
    }
  }
}